{
  "hourly_stats": {
    "04": {
      "wins": 2,
      "losses": 0,
      "pnl": 0.6333789329685362
    },
    "05": {
      "wins": 2,
      "losses": 1,
      "pnl": 0.35667814772292367
    },
    "06": {
      "wins": 1,
      "losses": 0,
      "pnl": 0.6949152542372882
    },
    "08": {
      "wins": 1,
      "losses": 0,
      "pnl": 0.639344262295082
    },
    "09": {
      "wins": 1,
      "losses": 0,
      "pnl": 0.42857142857142866
    },
    "10": {
      "wins": 2,
      "losses": 1,
      "pnl": 0.18193632228719941
    },
    "11": {
      "wins": 1,
      "losses": 3,
      "pnl": -0.30381279850903786
    },
    "12": {
      "wins": 1,
      "losses": 2,
      "pnl": -0.5166878753376645
    },
    "13": {
      "wins": 4,
      "losses": 1,
      "pnl": 1.9586466165413536
    },
    "14": {
      "wins": 3,
      "losses": 4,
      "pnl": 0.3325059525375162
    },
    "15": {
      "wins": 3,
      "losses": 3,
      "pnl": 0.8997052526060818
    }
  },
  "bad_regimes": []
}